{"mean":{"confidence_interval":{"confidence_level":0.95,"lower_bound":2485636.797075522,"upper_bound":2520259.479734982},"point_estimate":2502771.994563087,"standard_error":8841.173113720006},"median":{"confidence_interval":{"confidence_level":0.95,"lower_bound":2453136.6359375,"upper_bound":2488812.638888889},"point_estimate":2465093.4592293906,"standard_error":9033.712809052913},"median_abs_dev":{"confidence_interval":{"confidence_level":0.95,"lower_bound":50215.16176058608,"upper_bound":117303.1366265441},"point_estimate":73653.68598683027,"standard_error":18523.337249811077},"slope":{"confidence_interval":{"confidence_level":0.95,"lower_bound":2516076.9105154024,"upper_bound":2562882.212256728},"point_estimate":2540016.089029112,"standard_error":11975.126673401053},"std_dev":{"confidence_interval":{"confidence_level":0.95,"lower_bound":81358.54139462617,"upper_bound":94963.18985499993},"point_estimate":89123.09182447115,"standard_error":3461.031688129134}}